,x,y
A115,7.865,121.22
A116,8.715,112.677
A133,8.004,124.602
A152,8.383,121.204
A173,8.887,123.291
A247,7.758,120.059
A257,8.307,123.626
A38,7.426,127.505
A54,7.297,120.106
A77,8.108,123.382
C205,7.167,114.686
D101,8.779,121.218
D110,9.714,132.362
D129,7.394,116.166
D138,7.723,114.74
D161,8.284,117.36
D164,8.071,116.082
D174,8.512,121.928
D179,7.92,128.007
D189,7.444,121.99
D32,8.135,118.06
D34,7.463,128.204
D41,7.669,128.876
D52,8.849,120.534
D71,8.269,116.904
D72,8.855,131.595
E186,8.254,116.619
E204,8.776,124.831
E213,9.067,121.841
E233,8.3,121.269
E235,7.249,119.93
E237,8.127,123.232
E238,8.86,129.905
E26,9.263,117.578
E69,8.272,123.67
F130,7.46,119.61
F175,7.867,125.2
F178,8.143,118.783
F225,6.958,118.618
F230,8.621,116.961
F259,6.609,117.949
F70,8.385,118.471
G102,7.656,102.809
G104,8.266,106.345
G128,7.72,107.302
G131,8.077,103.931
G150,9.189,118.288
G170,8.787,116.87
G182,7.271,102.675
G232,8.58,104.743
G234,8.982,114.07
G25,8.242,108.783
G63,9.515,108.693
G8,8.14,110.784
G81,8.861,106.332
G82,6.96,108.615
G86,7.724,109.396
I166,7.231,116.268
I209,8.277,126.817
I215,9.325,113.719
I255,8.79,124.379
I33,8.712,128.509
I59,8.882,121.947
K111,9.845,109.804
K112,8.279,124.631
K113,8.025,122.158
K126,7.796,122.812
K132,7.721,119.883
K148,9.269,119.589
K153,8.756,124.033
K158,8.609,115.419
K167,7.243,117.327
K169,7.339,120.348
K171,7.685,120.086
K212,7.515,122.567
K224,6.802,115.003
K227,6.588,114.05
K24,7.192,114.486
K251,8.734,114.453
K256,8.652,126.289
K260,7.717,124.434
K39,8.06,122.714
K45,7.434,123.013
K76,7.818,124.121
K80,8.21,120.461
L100,7.221,118.943
L147,9.089,121.094
L156,7.559,116.787
L163,6.903,121.554
L183,7.282,117.39
L184,6.709,113.336
L188,8.664,125.697
L223,7.956,120.847
L228,6.826,119.061
L239,8.54,125.728
L250,8.528,125.906
L44,6.926,123.049
L47,8.899,125.905
L57,8.762,117.492
L60,8.423,123.488
L79,8.808,123.322
L84,7.592,120.119
N124,8.775,119.522
N177,9.61,115.379
N229,8.652,118.215
N231,7.962,110.464
N61,8.261,120.856
N62,7.743,123.069
Q103,7.86,115.033
Q135,6.638,113.98
Q136,7.478,118.241
Q157,7.762,122.35
Q221,7.507,117.987
Q248,8.418,121.634
Q254,8.438,118.187
Q28,7.47,115.126
Q53,7.928,114.343
Q74,7.557,117.588
R226,6.497,108.867
R253,7.149,118.395
R27,8.693,120.635
R89,8.337,122.644
S105,7.648,108.149
S151,8.383,124.598
S165,7.848,113.448
S172,8.24,113.692
S187,7.677,111.379
S216,8.241,116.856
S218,8.473,115.613
S219,9.302,117.357
S258,8.911,116.454
S43,8.399,115.176
S48,8.357,119.822
S50,8.245,122.753
S56,9.863,126.353
S73,8.77,115.795
S99,8.188,111.682
T108,7.412,109.424
T125,8.013,117.061
T168,6.415,98.428
T176,7.994,114.827
T192,9.561,115.02
T207,7.563,123.901
T35,10.276,122.221
T37,7.593,108.718
T55,9.272,120.548
T87,8.34,116.568
V109,7.746,118.668
V134,7.401,108.065
V149,8.563,121.477
V160,7.139,114.579
V162,7.003,113.818
V210,9.671,128.464
V217,8.681,115.976
V222,7.354,114.748
V241,6.309,114.467
V49,8.317,127.504
V78,8.234,115.682
W123,8.723,118.891
W191,9.565,117.208
Y114,8.584,121.547
Y127,7.489,115.403
Y190,8.736,119.13
Y193,7.75,125.412
Y40,8.644,126.659
Y51,8.909,124.845
Y88,8.247,125.89
