ResidueKey;x;y;order;assigned_to;est_shift;real_shift;pred_x;pred_y;target_x;target_y
G8;8.14;110.784;8;G8;0.019399999999998755;0.019399999999998755;8.153;110.856;8.153;110.856
K24;7.192;114.486;24;V222;0.0959970832890253;0.08200097560395228;7.099;114.367;7.11;114.484
G25;8.242;108.783;25;G25;0.0;0.0;8.242;108.783;8.242;108.783
E26;9.263;117.578;26;E26;0.09803060746521992;0.09803060746521992;9.232;117.113;9.232;117.113
R27;8.693;120.635;27;R27;0.0;0.0;8.693;120.635;8.693;120.635
Q28;7.47;115.126;28;D138;0.12666428067928398;0.08592694571553038;7.58;114.812;7.535;115.407
D32;8.135;118.06;32;R181;0.057922707119056775;0.14792714422985434;8.191;118.134;8.281;118.179
I33;8.712;128.509;33;I209;0.19321997826311602;0.4720991844941064;8.67;127.566;9.179;128.855
D34;7.463;128.204;34;D34;0.1423967696262799;0.1423967696262799;7.599;128.415;7.599;128.415
T35;10.276;122.221;35;T35;0.19614790337905633;0.19614790337905633;10.469;122.396;10.469;122.396
T37;7.593;108.718;37;V134;0.05295280917949448;0.08873533681685136;7.583;108.458;7.681;108.775
A38;7.426;127.505;38;A38;0.10917875251164935;0.10917875251164935;7.534;127.585;7.534;127.585
K39;8.06;122.714;39;K39;0.06692951516334181;0.06692951516334181;8.118;122.881;8.118;122.881
Y40;8.644;126.659;40;K256;0.03233635724691379;0.06191090372462549;8.675;126.613;8.7;126.791
D41;7.669;128.876;41;D41;0.04748936723099218;0.04748936723099218;7.716;128.91;7.716;128.91
S43;8.399;115.176;43;S43;0.03027606315226706;0.03027606315226706;8.421;115.28;8.421;115.28
L44;6.926;123.049;44;L44;0.029786574156823956;0.029786574156823956;6.955;123.083;6.955;123.083
K45;7.434;123.013;45;K45;0.04664289870923837;0.04664289870923837;7.397;122.871;7.397;122.871
L47;8.899;125.905;47;L47;0.06986444016808568;0.06986444016808568;8.966;125.806;8.966;125.806
S48;8.357;119.822;48;S48;0.0447007829909043;0.0447007829909043;8.36;119.599;8.36;119.599
V49;8.317;127.504;49;V49;0.0018867962264138903;0.0018867962264138903;8.318;127.496;8.318;127.496
S50;8.245;122.753;50;S50;0.030767515336792912;0.030767515336792912;8.226;122.632;8.226;122.632
Y51;8.909;124.845;51;K153;0.3677362641894332;0.0975378900735507;8.595;123.888;8.837;124.516
D52;8.849;120.534;52;D52;0.0868029953400221;0.0868029953400221;8.934;120.622;8.934;120.622
Q53;7.928;114.343;53;Q53;0.06958850479784787;0.06958850479784787;7.866;114.185;7.866;114.185
A54;7.297;120.106;54;A54;0.11573245007343398;0.11573245007343398;7.182;120.041;7.182;120.041
T55;9.272;120.548;55;T55;0.11321766646597145;0.11321766646597145;9.162;120.414;9.162;120.414
S56;9.863;126.353;56;S56;0.18009652967228343;0.18009652967228343;9.685;126.216;9.685;126.216
L57;8.762;117.492;57;S258;0.35957869792299785;0.13280150601555754;9.072;116.581;8.631;117.383
I59;8.882;121.947;59;V149;0.11073012236966145;0.21920821152502398;8.783;121.699;8.669;121.688
L60;8.423;123.488;60;L60;0.0;0.0;8.423;123.488;8.423;123.488
N61;8.261;120.856;61;A152;0.092314679222756;0.10306289341950352;8.32;121.211;8.158;120.874
N62;7.743;123.069;62;E69;0.2198567715582118;0.273426406917839;7.959;123.274;8.012;123.314
G63;9.515;108.693;63;G63;0.18262135691096013;0.18262135691096013;9.683;109.051;9.683;109.051
E69;8.272;123.67;69;L90;0.02726609616355207;0.32286473948079314;8.245;123.651;7.959;123.274
F70;8.385;118.471;70;F70;0.09128986800296977;0.09128986800296977;8.41;118.91;8.41;118.91
D71;8.269;116.904;71;S216;0.043046486500061966;0.03613862199918553;8.306;116.794;8.234;116.859
D72;8.855;131.595;72;D72;0.10240820279645574;0.10240820279645574;8.954;131.726;8.954;131.726
S73;8.77;115.795;73;S73;0.027463430230036497;0.027463430230036497;8.764;115.929;8.764;115.929
Q74;7.557;117.588;74;Q74;0.030675071312060515;0.030675071312060515;7.587;117.62;7.587;117.62
K76;7.818;124.121;76;K76;0.04177319714841121;0.04177319714841121;7.81;124.326;7.81;124.326
A77;8.108;123.382;77;A77;0.04317452952841519;0.04317452952841519;8.083;123.558;8.083;123.558
V78;8.234;115.682;78;V78;0.06017840144104938;0.06017840144104938;8.188;115.488;8.188;115.488
L79;8.808;123.322;79;L79;0.052611785751863364;0.052611785751863364;8.816;123.582;8.816;123.582
K80;8.21;120.461;80;K80;0.04726478604627541;0.04726478604627541;8.201;120.693;8.201;120.693
G81;8.861;106.332;81;G81;0.023427334462118542;0.023427334462118542;8.841;106.271;8.841;106.271
G82;6.96;108.615;82;G82;0.02748745168254091;0.02748745168254091;6.984;108.682;6.984;108.682
L84;7.592;120.119;84;L84;0.020808652046684632;0.020808652046684632;7.575;120.059;7.575;120.059
G86;7.724;109.396;86;G86;0.04060788100849415;0.04060788100849415;7.699;109.236;7.699;109.236
T87;8.34;116.568;87;T87;0.01802775637731951;0.01802775637731951;8.357;116.538;8.357;116.538
Y88;8.247;125.89;88;Y88;0.019762590923257828;0.019762590923257828;8.231;125.832;8.231;125.832
R89;8.337;122.644;89;R89;0.07043550241178147;0.07043550241178147;8.403;122.521;8.403;122.521
S99;8.188;111.682;99;S99;0.09530351515028071;0.09530351515028071;8.283;111.644;8.283;111.644
L100;7.221;118.943;100;L100;0.1268662287608492;0.1268662287608492;7.347;119.017;7.347;119.017
D101;8.779;121.218;101;D101;0.06269960127464981;0.06269960127464981;8.719;121.309;8.719;121.309
G102;7.656;102.809;102;G102;0.19367281688456034;0.19367281688456034;7.843;103.061;7.843;103.061
Q103;7.86;115.033;103;T176;0.09188710464477431;0.32723545040230556;7.821;114.617;8.158;115.709
G104;8.266;106.345;104;G98;0.34066646444873727;0.8503134951298837;8.123;107.891;9.097;107.246
S105;7.648;108.149;105;T37;0.1294760209459682;1.3932511762062152;7.681;108.775;8.996;109.91
T108;7.412;109.424;108;G195;0.5921702795649234;0.9321565533750211;8.004;109.495;8.328;110.288
V109;7.746;118.668;109;F178;0.157041268461509;0.6387913900484242;7.903;118.65;8.366;119.437
D110;9.714;132.362;110;D110;0.3501700158494427;0.3501700158494427;10.056;132.738;10.056;132.738
K111;9.845;109.804;111;K111;0.3441526405535775;0.3441526405535775;10.182;110.153;10.182;110.153
K112;8.279;124.631;112;A133;0.10562196741208646;0.41513318344839645;8.179;124.801;8.685;125.064
K113;8.025;122.158;113;K212;0.16564793992078464;0.4921005588291891;7.951;122.899;8.5;122.801
Y114;8.584;121.547;114;I59;0.08955579266580273;1.0936577892558543;8.669;121.688;9.65;122.769
A115;7.865;121.22;115;K132;0.2678100819610776;0.5539903970286848;7.941;119.936;8.41;121.717
A116;8.715;112.677;116;T108;0.6148673352846142;0.8711881771465912;8.328;110.288;9.569;113.538
W123;8.723;118.891;123;W123;0.06269577338226447;0.06269577338226447;8.769;118.678;8.769;118.678
N124;8.775;119.522;124;N124;0.09403063330638521;0.09403063330638521;8.869;119.534;8.869;119.534
T125;8.013;117.061;125;T125;0.01730780170905416;0.01730780170905416;8.029;117.094;8.029;117.094
K126;7.796;122.812;126;K126;0.025478618486881575;0.025478618486881575;7.794;122.685;7.794;122.685
Y127;7.489;115.403;127;Q28;0.046006955995805905;0.08592694571553161;7.535;115.407;7.568;115.572
G128;7.72;107.302;128;G128;0.05773768266912036;0.05773768266912036;7.777;107.256;7.777;107.256
D129;7.394;116.166;129;Y127;0.21068801579586788;0.12249489785293081;7.568;115.572;7.516;116.221
F130;7.46;119.61;130;N61;0.7423690726316646;0.2937839342101608;8.158;120.874;7.75;119.845
G131;8.077;103.931;131;G131;0.37066966425646514;0.37066966425646514;8.441;104.281;8.441;104.281
K132;7.721;119.883;132;F130;0.02997932620990575;0.22025521560226438;7.75;119.845;7.941;119.936
A133;8.004;124.602;133;E204;0.22288167264268335;0.17946877165679886;8.161;123.811;8.179;124.801
V134;7.401;108.065;134;G139;0.185607111932706;0.19824721940042536;7.5;107.28;7.583;108.458
Q135;6.638;113.98;135;Q135;0.007810249675906192;0.007810249675906192;6.644;114.005;6.644;114.005
Q136;7.478;118.241;136;Q136;0.07686767851314284;0.07686767851314284;7.404;118.137;7.404;118.137
D138;7.723;114.74;138;D164;0.22092541727922624;0.14372320619858123;7.791;115.791;7.58;114.812
L147;9.089;121.094;147;L147;0.0;0.0;9.089;121.094;9.089;121.094
K148;9.269;119.589;148;K148;0.27281561538885585;0.27281561538885585;9.535;119.892;9.535;119.892
V149;8.563;121.477;149;V68;0.20794480036779064;0.22443564779241168;8.356;121.378;8.783;121.699
G150;9.189;118.288;150;G150;0.04295346318982907;0.04295346318982907;9.228;118.378;9.228;118.378
S151;8.383;124.598;151;S151;0.021000000000000796;0.021000000000000796;8.404;124.598;8.404;124.598
A152;8.383;121.204;152;Q248;0.036299311288230794;0.06301555363558947;8.389;121.383;8.32;121.211
K153;8.756;124.033;153;I255;0.023495531490050927;0.16359095329510084;8.768;124.134;8.595;123.888
L156;7.559;116.787;156;D129;0.1210918659530879;0.3253213180841373;7.516;116.221;7.239;116.494
Q157;7.762;122.35;157;N62;0.315708473120377;0.31820905078265704;8.012;123.314;7.453;121.97
K158;8.609;115.419;158;K158;0.06402530749633309;0.06402530749633309;8.673;115.428;8.673;115.428
V160;7.139;114.579;160;K24;0.03466987164671846;0.5311434457846571;7.11;114.484;6.636;113.726
D161;8.284;117.36;161;Q254;0.10588219869269438;0.35932915272769134;8.296;117.886;7.928;117.116
V162;7.003;113.818;162;L184;0.47724274745667955;0.38227037551973625;6.547;113.114;6.628;113.447
L163;6.903;121.554;163;L163;0.40974460338117974;0.40974460338117974;6.502;121.133;6.502;121.133
D164;8.071;116.082;164;Q103;0.11460436291869515;0.28598468490462836;8.158;115.709;7.791;115.791
S165;7.848;113.448;165;S165;0.23858424088778252;0.23858424088778252;7.613;113.242;7.613;113.242
I166;7.231;116.268;166;L156;0.04590250537824828;0.25679727412883463;7.239;116.494;6.977;116.079
K167;7.243;117.327;167;K167;0.18039800442355236;0.18039800442355236;7.068;117.108;7.068;117.108
T168;6.415;98.428;168;T168;0.11985407794480822;0.11985407794480822;6.301;98.243;6.301;98.243
K169;7.339;120.348;169;K169;0.014235167719418951;0.014235167719418951;7.326;120.377;7.326;120.377
G170;8.787;116.87;170;F230;0.2650018867857365;0.12389737688910041;8.522;116.865;8.909;116.978
K171;7.685;120.086;171;K171;0.014934523762075286;0.014934523762075286;7.699;120.112;7.699;120.112
S172;8.24;113.692;172;S172;0.028933717355362317;0.028933717355362317;8.213;113.64;8.213;113.64
A173;8.887;123.291;173;A173;0.14771675598929113;0.14771675598929113;8.742;123.15;8.742;123.15
D174;8.512;121.928;174;D174;0.09904544411531527;0.09904544411531527;8.413;121.913;8.413;121.913
F175;7.867;125.2;175;F175;0.1363584980850105;0.1363584980850105;7.735;125.029;7.735;125.029
T176;7.994;114.827;176;V109;0.9942172800751358;0.17802527910383922;8.366;119.437;7.821;114.617
N177;9.61;115.379;177;T192;0.09124143795447295;0.15295868723286016;9.673;115.049;9.459;115.257
F178;8.143;118.783;178;E220;0.17440516047410787;0.24146958400593735;8.289;118.306;7.903;118.65
D179;7.92;128.007;179;D179;0.2921414725779276;0.2921414725779276;7.635;127.686;7.635;127.686
G182;7.271;102.675;182;G182;0.26468282906150165;0.26468282906150165;7.01;102.455;7.01;102.455
L183;7.282;117.39;183;Q221;0.09123727308507092;0.30147643357317333;7.329;117.781;6.982;117.241
L184;6.709;113.336;184;V162;0.08398714187302621;0.16797428374605422;6.628;113.447;6.547;113.114
E186;8.254;116.619;186;E186;0.06641114364321729;0.06641114364321729;8.316;116.5;8.316;116.5
S187;7.677;111.379;187;S187;0.14465738833533556;0.14465738833533556;7.819;111.517;7.819;111.517
L188;8.664;125.697;188;L188;0.12677917810113729;0.12677917810113729;8.788;125.829;8.788;125.829
D189;7.444;121.99;189;Q157;0.00984885780179696;0.17935997323817868;7.453;121.97;7.621;122.135
Y190;8.736;119.13;190;Y190;0.19672569735547873;0.19672569735547873;8.931;119.26;8.931;119.26
W191;9.565;117.208;191;W191;0.4735853038260375;0.4735853038260375;10.029;117.682;10.029;117.682
T192;9.561;115.02;192;N177;0.11247559735338314;0.11215007802048144;9.459;115.257;9.673;115.049
Y193;7.75;125.412;193;Y193;0.040816663263917634;0.040816663263917634;7.715;125.307;7.715;125.307
E204;8.776;124.831;204;K112;0.10223776210383169;0.6479513870654191;8.685;125.064;8.161;123.811
C205;7.167;114.686;205;I166;0.33722093647933293;0.7228001106806782;6.977;116.079;6.473;113.676
T207;7.563;123.901;207;T207;0.11835438310430162;0.11835438310430162;7.504;123.388;7.504;123.388
I209;8.277;126.817;209;K113;0.8335821735138026;0.42058178752770703;8.5;122.801;8.67;127.566
V210;9.671;128.464;210;I33;0.4981759127055411;0.5131491011392324;9.179;128.855;10.172;129.019
K212;7.515;122.567;212;D189;0.13675145337435995;0.4410271646962352;7.621;122.135;7.951;122.899
E213;9.067;121.841;213;E213;0.4160843183778977;0.4160843183778977;9.472;122.318;9.472;122.318
I215;9.325;113.719;215;A116;0.2466707116785469;0.419898368656036;9.569;113.538;9.738;114.098
S216;8.241;116.856;216;D71;0.007025667228099977;0.0661721996007381;8.234;116.859;8.306;116.794
V217;8.681;115.976;217;V217;0.03130878470972835;0.03130878470972835;8.71;116.035;8.71;116.035
S218;8.473;115.613;218;S218;0.16949289070636697;0.16949289070636697;8.309;115.827;8.309;115.827
S219;9.302;117.357;219;S219;0.05197730273879034;0.05197730273879034;9.252;117.286;9.252;117.286
Q221;7.507;117.987;221;D161;0.45561676878710233;0.1827058838680352;7.928;117.116;7.329;117.781
V222;7.354;114.748;222;K224;0.8450591695260158;0.2661417667334459;6.509;114.798;7.099;114.367
L223;7.956;120.847;223;A247;0.17246738822165714;0.21477811806606437;7.917;120.007;7.757;120.443
K224;6.802;115.003;224;R58;0.15276923774110926;0.2958546940645007;6.895;114.397;6.509;114.798
F225;6.958;118.618;225;R253;0.07845916135162072;0.4729291278828149;6.944;118.232;6.495;118.136
R226;6.497;108.867;226;R226;0.3846075402276976;0.3846075402276976;6.126;108.36;6.126;108.36
K227;6.588;114.05;227;V160;0.0806414285587735;0.27524599906265657;6.636;113.726;6.323;113.678
L228;6.826;119.061;228;F259;0.21489727778638862;0.37250771804084815;6.742;118.072;6.457;118.806
N229;8.652;118.215;229;D32;0.37106985865197817;0.23210247736721687;8.281;118.179;8.425;117.973
F230;8.621;116.961;230;L57;0.08499035239366746;0.10084463297568243;8.631;117.383;8.522;116.865
N231;7.962;110.464;231;N231;0.02655484889808276;0.02655484889808276;7.936;110.437;7.936;110.437
G232;8.58;104.743;232;G232;0.05812434945872508;0.05812434945872508;8.638;104.762;8.638;104.762
E233;8.3;121.269;233;E233;0.012006664815841674;0.012006664815841674;8.312;121.267;8.312;121.267
G234;8.982;114.07;234;G234;0.005830951894844506;0.005830951894844506;8.979;114.095;8.979;114.095
E235;7.249;119.93;235;E235;0.01581138830084212;0.01581138830084212;7.264;119.955;7.264;119.955
E237;8.127;123.232;237;E237;0.024185946332530833;0.024185946332530833;8.107;123.164;8.107;123.164
E238;8.86;129.905;238;E238;0.03311857484856479;0.03311857484856479;8.827;129.891;8.827;129.891
L239;8.54;125.728;239;L239;0.08408590845082145;0.08408590845082145;8.456;125.709;8.456;125.709
V241;6.309;114.467;241;K227;0.1584198219920744;0.19077148633902247;6.323;113.678;6.121;114.305
A247;7.758;120.059;247;L223;0.07680651014074129;0.15933976277125542;7.757;120.443;7.917;120.007
Q248;8.418;121.634;248;A115;0.018427153876819907;0.05797447714296369;8.41;121.717;8.389;121.383
L250;8.528;125.906;250;L250;0.22488628237400365;0.22488628237400365;8.317;125.517;8.317;125.517
K251;8.734;114.453;251;K251;0.22788154817799444;0.22788154817799444;8.515;114.138;8.515;114.138
R253;7.149;118.395;253;L183;0.2848818000504758;0.2075759138243162;6.982;117.241;6.944;118.232
Q254;8.438;118.187;254;N229;0.04473075004960206;0.15423371875177155;8.425;117.973;8.296;117.886
I255;8.79;124.379;255;Y51;0.05440367634636524;0.05371219600798528;8.837;124.516;8.768;124.134
K256;8.652;126.289;256;Y40;0.11128414082878163;0.06876074461493487;8.7;126.791;8.675;126.613
A257;8.307;123.626;257;A257;0.07820076725966262;0.07820076725966262;8.385;123.598;8.385;123.598
S258;8.911;116.454;258;G170;0.1048190822321975;0.1629912881107457;8.909;116.978;9.072;116.581
F259;6.609;117.949;259;F225;0.11997816468007765;0.13525590560119724;6.495;118.136;6.742;118.072
K260;7.717;124.434;260;K260;0.0792022726946651;0.0792022726946651;7.789;124.599;7.789;124.599
